ID,variable,valor_original
4295,Weight_in_gms,5857
409,Weight_in_gms,3339
7480,Weight_in_gms,1409
8274,Weight_in_gms,1096
793,Weight_in_gms,1788
3255,Weight_in_gms,4191
3889,Weight_in_gms,5113
8352,Weight_in_gms,1563
4442,Weight_in_gms,4625
4984,Weight_in_gms,4150
1404,Weight_in_gms,3716
6452,Weight_in_gms,5972
10139,Weight_in_gms,1181
7947,Weight_in_gms,4091
8319,Weight_in_gms,1304
1988,Weight_in_gms,1024
5513,Weight_in_gms,1312
9501,Weight_in_gms,4613
10798,Weight_in_gms,1297
9130,Weight_in_gms,4080
8297,Weight_in_gms,4673
4145,Weight_in_gms,5040
1647,Weight_in_gms,1587
10125,Weight_in_gms,4423
10727,Weight_in_gms,1419
10095,Weight_in_gms,4020
5213,Weight_in_gms,5340
7511,Weight_in_gms,1566
2076,Weight_in_gms,1420
6702,Weight_in_gms,5597
10697,Weight_in_gms,5474
3314,Weight_in_gms,4117
6366,Weight_in_gms,5714
9195,Weight_in_gms,1878
3853,Weight_in_gms,5088
7482,Weight_in_gms,1454
7009,Weight_in_gms,4752
10231,Weight_in_gms,4854
6835,Weight_in_gms,4553
7659,Weight_in_gms,4409
3091,Weight_in_gms,1212
4220,Weight_in_gms,5716
7677,Weight_in_gms,1378
10752,Weight_in_gms,1222
9899,Weight_in_gms,4999
762,Weight_in_gms,3818
9533,Weight_in_gms,4620
4991,Weight_in_gms,1996
3631,Weight_in_gms,4724
5058,Weight_in_gms,5920
1191,Weight_in_gms,2904
6652,Weight_in_gms,4166
5980,Weight_in_gms,4497
2383,Weight_in_gms,3154
1530,Weight_in_gms,1659
7060,Weight_in_gms,4723
3707,Weight_in_gms,5161
10040,Weight_in_gms,5294
8530,Weight_in_gms,4205
10018,Weight_in_gms,4636
10598,Weight_in_gms,5365
4350,Weight_in_gms,5401
147,Weight_in_gms,3750
8995,Weight_in_gms,4177
7401,Weight_in_gms,1854
664,Weight_in_gms,1247
3129,Weight_in_gms,1740
7284,Weight_in_gms,4908
10713,Weight_in_gms,1097
4861,Weight_in_gms,4896
3332,Weight_in_gms,5840
10983,Weight_in_gms,1623
2799,Weight_in_gms,1358
775,Weight_in_gms,1875
555,Weight_in_gms,3373
8199,Weight_in_gms,4031
8400,Weight_in_gms,5953
8666,Weight_in_gms,5385
720,Weight_in_gms,3462
10454,Weight_in_gms,1574
1157,Weight_in_gms,3139
416,Weight_in_gms,1814
4933,Weight_in_gms,5858
3833,Weight_in_gms,5563
8361,Weight_in_gms,1665
5186,Weight_in_gms,5064
3141,Weight_in_gms,4732
2457,Weight_in_gms,1694
7990,Weight_in_gms,5789
2685,Weight_in_gms,3648
5198,Weight_in_gms,5473
7328,Weight_in_gms,5813
5033,Weight_in_gms,1274
8497,Weight_in_gms,4543
9206,Weight_in_gms,4137
1283,Weight_in_gms,2042
8861,Weight_in_gms,1371
5582,Weight_in_gms,5712
7366,Weight_in_gms,4562
8083,Weight_in_gms,4609
5128,Weight_in_gms,5272
9619,Weight_in_gms,5976
3608,Weight_in_gms,5478
5266,Weight_in_gms,1661
6263,Weight_in_gms,1242
5300,Weight_in_gms,5889
4317,Weight_in_gms,4390
1972,Weight_in_gms,3478
5496,Weight_in_gms,4947
3431,Weight_in_gms,5178
7883,Weight_in_gms,5522
2466,Weight_in_gms,3413
3166,Weight_in_gms,4811
10335,Weight_in_gms,4375
6534,Weight_in_gms,5479
5881,Weight_in_gms,4693
6490,Weight_in_gms,1014
5480,Weight_in_gms,5095
10628,Weight_in_gms,4147
5909,Weight_in_gms,4847
5670,Weight_in_gms,4357
3517,Weight_in_gms,4228
5738,Weight_in_gms,5281
955,Weight_in_gms,2720
2262,Weight_in_gms,1233
1483,Weight_in_gms,3118
4754,Weight_in_gms,1556
4786,Weight_in_gms,5144
4196,Weight_in_gms,4415
2996,Weight_in_gms,1971
362,Weight_in_gms,1681
9234,Weight_in_gms,4424
3181,Weight_in_gms,4026
6036,Weight_in_gms,1877
5904,Weight_in_gms,4034
9525,Weight_in_gms,4494
2185,Weight_in_gms,2090
8433,Weight_in_gms,5085
4104,Weight_in_gms,4986
1541,Weight_in_gms,1216
4135,Weight_in_gms,4796
10548,Weight_in_gms,5780
6373,Weight_in_gms,4661
4026,Weight_in_gms,5056
6137,Weight_in_gms,4417
7892,Weight_in_gms,5192
10919,Weight_in_gms,1185
6176,Weight_in_gms,5422
3062,Weight_in_gms,3903
939,Weight_in_gms,3589
2795,Weight_in_gms,1213
9527,Weight_in_gms,4880
1348,Weight_in_gms,2751
9786,Weight_in_gms,4531
1199,Weight_in_gms,1785
1301,Weight_in_gms,3088
4769,Weight_in_gms,5724
9190,Weight_in_gms,1069
4064,Weight_in_gms,4982
10359,Weight_in_gms,4249
5115,Weight_in_gms,4678
4645,Weight_in_gms,4460
1494,Weight_in_gms,1183
1590,Weight_in_gms,3351
9467,Weight_in_gms,5295
4456,Weight_in_gms,5063
6536,Weight_in_gms,5779
2593,Weight_in_gms,2774
10684,Weight_in_gms,4376
5413,Weight_in_gms,5527
5821,Weight_in_gms,5179
4214,Weight_in_gms,5002
3036,Weight_in_gms,3276
5453,Weight_in_gms,4716
9531,Weight_in_gms,5807
2502,Weight_in_gms,2526
1463,Weight_in_gms,3830
4500,Weight_in_gms,5064
5769,Weight_in_gms,1503
8796,Weight_in_gms,4757
6415,Weight_in_gms,5225
2566,Weight_in_gms,3250
7906,Weight_in_gms,5531
5476,Weight_in_gms,4922
4625,Weight_in_gms,4506
5970,Weight_in_gms,1634
9885,Weight_in_gms,1198
3797,Weight_in_gms,5434
1852,Weight_in_gms,1107
7772,Weight_in_gms,5301
926,Weight_in_gms,3067
3746,Weight_in_gms,4426
10315,Weight_in_gms,4660
4154,Weight_in_gms,4436
7163,Weight_in_gms,1704
10646,Weight_in_gms,5770
8927,Weight_in_gms,1355
2213,Weight_in_gms,1784
428,Weight_in_gms,3303
45,Weight_in_gms,1328
6225,Weight_in_gms,1732
710,Weight_in_gms,1372
551,Weight_in_gms,2917
5146,Weight_in_gms,5509
6180,Weight_in_gms,4310
7573,Weight_in_gms,4295
9906,Weight_in_gms,4586
5282,Weight_in_gms,1370
7176,Weight_in_gms,1192
10967,Weight_in_gms,1300
2738,Weight_in_gms,1159
160,Weight_in_gms,1946
1953,Weight_in_gms,1772
537,Weight_in_gms,1897
7430,Weight_in_gms,4809
8227,Weight_in_gms,4024
1571,Weight_in_gms,2299
4541,Weight_in_gms,5936
8612,Weight_in_gms,1991
871,Weight_in_gms,1469
6376,Weight_in_gms,4379
5550,Weight_in_gms,5235
10825,Weight_in_gms,5217
5465,Weight_in_gms,1578
5108,Weight_in_gms,5656
7061,Weight_in_gms,4453
1265,Weight_in_gms,1615
1152,Weight_in_gms,1211
2044,Weight_in_gms,2805
4621,Weight_in_gms,4317
407,Weight_in_gms,1193
4524,Weight_in_gms,4454
8491,Weight_in_gms,4198
10958,Weight_in_gms,4829
7075,Weight_in_gms,4266
8576,Weight_in_gms,4290
7827,Weight_in_gms,5038
1219,Weight_in_gms,2306
9406,Weight_in_gms,1930
9817,Weight_in_gms,5540
8122,Weight_in_gms,4715
6786,Weight_in_gms,4765
581,Weight_in_gms,3342
2484,Weight_in_gms,1278
8617,Weight_in_gms,1384
2920,Weight_in_gms,1666
2421,Weight_in_gms,2846
9774,Weight_in_gms,5713
10941,Weight_in_gms,1689
9947,Weight_in_gms,1384
6151,Weight_in_gms,5495
8324,Weight_in_gms,1194
525,Weight_in_gms,1238
1588,Weight_in_gms,1558
10155,Weight_in_gms,4586
56,Weight_in_gms,2437
368,Weight_in_gms,1074
9238,Weight_in_gms,4633
6667,Weight_in_gms,4304
10784,Weight_in_gms,1842
9253,Weight_in_gms,4780
149,Weight_in_gms,1490
10477,Weight_in_gms,1559
8216,Weight_in_gms,4865
7896,Weight_in_gms,5653
10277,Weight_in_gms,5751
1454,Weight_in_gms,2980
4609,Weight_in_gms,4076
2449,Weight_in_gms,1446
2501,Weight_in_gms,2622
295,Weight_in_gms,3981
10350,Weight_in_gms,5288
9125,Weight_in_gms,4501
6926,Weight_in_gms,1946
921,Weight_in_gms,3503
6343,Weight_in_gms,5106
6616,Weight_in_gms,1709
1390,Weight_in_gms,1573
6776,Weight_in_gms,4251
244,Weight_in_gms,1958
10171,Weight_in_gms,4751
6778,Weight_in_gms,4392
1084,Weight_in_gms,3512
441,Weight_in_gms,2426
8523,Weight_in_gms,4913
7924,Weight_in_gms,4031
2892,Weight_in_gms,1319
6973,Weight_in_gms,4950
8958,Weight_in_gms,4770
451,Weight_in_gms,2782
10160,Weight_in_gms,4930
10947,Weight_in_gms,1134
1128,Weight_in_gms,1234
5555,Weight_in_gms,5323
7965,Weight_in_gms,1796
7527,Weight_in_gms,5187
9365,Weight_in_gms,4264
5258,Weight_in_gms,1228
3080,Weight_in_gms,2074
124,Weight_in_gms,2102
4512,Weight_in_gms,4680
3218,Weight_in_gms,4432
4679,Weight_in_gms,5102
9880,Weight_in_gms,1982
3014,Weight_in_gms,3545
4402,Weight_in_gms,4423
8425,Weight_in_gms,5147
7376,Weight_in_gms,5931
4638,Weight_in_gms,5963
977,Weight_in_gms,1966
126,Weight_in_gms,3607
5560,Weight_in_gms,5197
7007,Weight_in_gms,4910
331,Weight_in_gms,3427
6009,Weight_in_gms,1506
4885,Weight_in_gms,4022
1246,Weight_in_gms,2579
1255,Weight_in_gms,2779
6510,Weight_in_gms,1568
8972,Weight_in_gms,5629
8693,Weight_in_gms,4226
2770,Weight_in_gms,1517
1212,Weight_in_gms,1431
4333,Weight_in_gms,4646
9726,Weight_in_gms,5711
8654,Weight_in_gms,1793
7340,Weight_in_gms,5366
51,Weight_in_gms,2042
10939,Weight_in_gms,1186
6669,Weight_in_gms,5101
3851,Weight_in_gms,4865
1432,Weight_in_gms,1725
4905,Weight_in_gms,4445
6270,Weight_in_gms,1503
7986,Weight_in_gms,5317
3693,Weight_in_gms,4311
9583,Weight_in_gms,4649
9716,Weight_in_gms,5310
5662,Weight_in_gms,4627
1803,Weight_in_gms,2029
7472,Weight_in_gms,1744
1311,Weight_in_gms,1332
3926,Weight_in_gms,5656
10796,Weight_in_gms,1265
4486,Weight_in_gms,5915
5687,Weight_in_gms,5081
9592,Weight_in_gms,5049
884,Weight_in_gms,3443
1515,Weight_in_gms,3922
9853,Weight_in_gms,5910
1616,Weight_in_gms,2820
3209,Weight_in_gms,5435
3224,Weight_in_gms,4489
5457,Weight_in_gms,4436
3735,Weight_in_gms,4336
8156,Weight_in_gms,4214
2775,Weight_in_gms,1831
6509,Weight_in_gms,1853
7823,Weight_in_gms,4500
8383,Weight_in_gms,5672
9218,Weight_in_gms,4947
7575,Weight_in_gms,4843
3424,Weight_in_gms,5481
7498,Weight_in_gms,1075
6890,Weight_in_gms,1150
2138,Weight_in_gms,3734
7950,Weight_in_gms,5128
9463,Weight_in_gms,5038
4299,Weight_in_gms,4733
7485,Weight_in_gms,1916
6757,Weight_in_gms,5897
5015,Weight_in_gms,1392
901,Weight_in_gms,2627
7410,Weight_in_gms,1592
1204,Weight_in_gms,1308
8076,Weight_in_gms,5382
1231,Weight_in_gms,2041
8685,Weight_in_gms,4565
9572,Weight_in_gms,4107
1431,Weight_in_gms,1904
6164,Weight_in_gms,4856
2424,Weight_in_gms,3154
5061,Weight_in_gms,4939
5324,Weight_in_gms,4724
8220,Weight_in_gms,4040
9464,Weight_in_gms,4351
7858,Weight_in_gms,5972
7487,Weight_in_gms,1679
5377,Weight_in_gms,5266
10756,Weight_in_gms,1027
4795,Weight_in_gms,5257
4898,Weight_in_gms,5087
5892,Weight_in_gms,4824
10896,Weight_in_gms,5277
5816,Weight_in_gms,4198
1332,Weight_in_gms,2267
1764,Weight_in_gms,3817
1728,Weight_in_gms,3640
10328,Weight_in_gms,4805
5362,Weight_in_gms,4898
980,Weight_in_gms,1831
517,Weight_in_gms,3476
6079,Weight_in_gms,5502
7438,Weight_in_gms,4243
2611,Weight_in_gms,2009
929,Weight_in_gms,1165
9750,Weight_in_gms,4350
9600,Weight_in_gms,4499
8197,Weight_in_gms,5783
10275,Weight_in_gms,5247
8069,Weight_in_gms,4134
4591,Weight_in_gms,4819
6123,Weight_in_gms,5395
4195,Weight_in_gms,5325
8261,Weight_in_gms,1922
1748,Weight_in_gms,2267
9892,Weight_in_gms,4013
9904,Weight_in_gms,5137
1418,Weight_in_gms,1791
7465,Weight_in_gms,1929
9659,Weight_in_gms,1682
5401,Weight_in_gms,4647
873,Weight_in_gms,1242
5996,Weight_in_gms,1018
7493,Weight_in_gms,1915
6421,Weight_in_gms,5310
10999,Weight_in_gms,1639
6571,Weight_in_gms,1353
6346,Weight_in_gms,5337
9839,Weight_in_gms,4557
1365,Weight_in_gms,1178
9494,Weight_in_gms,4126
8893,Weight_in_gms,1883
5201,Weight_in_gms,4315
7181,Weight_in_gms,1126
6175,Weight_in_gms,4199
2093,Weight_in_gms,1824
364,Weight_in_gms,3141
7598,Weight_in_gms,5137
1828,Weight_in_gms,2037
10466,Weight_in_gms,1014
750,Weight_in_gms,2824
6546,Weight_in_gms,1520
7926,Weight_in_gms,5707
5511,Weight_in_gms,1015
5722,Weight_in_gms,1712
8323,Weight_in_gms,1835
2094,Weight_in_gms,3062
6753,Weight_in_gms,4830
5064,Weight_in_gms,5131
8783,Weight_in_gms,5754
9943,Weight_in_gms,1776
5543,Weight_in_gms,5346
10463,Weight_in_gms,1951
3400,Weight_in_gms,4535
7977,Weight_in_gms,4127
4981,Weight_in_gms,4208
8847,Weight_in_gms,5694
9492,Weight_in_gms,5848
6950,Weight_in_gms,4725
9831,Weight_in_gms,4220
8214,Weight_in_gms,4487
3077,Weight_in_gms,1145
2440,Weight_in_gms,1247
7108,Weight_in_gms,1151
1896,Weight_in_gms,2108
3934,Weight_in_gms,4620
4499,Weight_in_gms,5951
10597,Weight_in_gms,5943
7642,Weight_in_gms,5226
3800,Weight_in_gms,4862
5238,Weight_in_gms,4276
3812,Weight_in_gms,5499
3509,Weight_in_gms,4687
2413,Weight_in_gms,3239
6269,Weight_in_gms,1727
4326,Weight_in_gms,1203
1714,Weight_in_gms,2486
4960,Weight_in_gms,4933
4501,Weight_in_gms,5621
1451,Weight_in_gms,2249
635,Weight_in_gms,1361
2767,Weight_in_gms,1731
2594,Weight_in_gms,1465
6642,Weight_in_gms,4324
7126,Weight_in_gms,4639
4000,Weight_in_gms,5680
8145,Weight_in_gms,4867
4808,Weight_in_gms,1335
8662,Weight_in_gms,1365
8911,Weight_in_gms,1192
10714,Weight_in_gms,1123
5344,Weight_in_gms,5078
3358,Weight_in_gms,5777
10493,Weight_in_gms,5952
8587,Weight_in_gms,5962
1399,Weight_in_gms,1656
7684,Weight_in_gms,4064
8101,Weight_in_gms,4574
6409,Weight_in_gms,5336
6682,Weight_in_gms,5676
6530,Weight_in_gms,5374
8109,Weight_in_gms,4224
6028,Weight_in_gms,1923
8345,Weight_in_gms,1622
3337,Weight_in_gms,4776
10194,Weight_in_gms,1831
2497,Weight_in_gms,2664
9395,Weight_in_gms,4459
8335,Weight_in_gms,1005
8782,Weight_in_gms,5431
8716,Weight_in_gms,4323
1032,Weight_in_gms,1093
7179,Weight_in_gms,1004
9632,Weight_in_gms,1779
4209,Weight_in_gms,5967
542,Weight_in_gms,1512
1112,Weight_in_gms,1070
8683,Weight_in_gms,5722
973,Weight_in_gms,2686
1060,Weight_in_gms,1478
9312,Weight_in_gms,4562
5459,Weight_in_gms,5182
9650,Weight_in_gms,4045
10607,Weight_in_gms,5979
74,Weight_in_gms,3984
514,Weight_in_gms,2722
2944,Weight_in_gms,3761
4341,Weight_in_gms,4744
10591,Weight_in_gms,5055
5958,Weight_in_gms,5022
6703,Weight_in_gms,4649
2602,Weight_in_gms,3423
2380,Weight_in_gms,3189
2471,Weight_in_gms,1497
9278,Weight_in_gms,4912
1895,Weight_in_gms,1862
5147,Weight_in_gms,4076
454,Weight_in_gms,2726
5601,Weight_in_gms,5806
8886,Weight_in_gms,1961
8277,Weight_in_gms,5226
9137,Weight_in_gms,1167
7687,Weight_in_gms,4255
5270,Weight_in_gms,1660
10283,Weight_in_gms,5335
10761,Weight_in_gms,1574
8653,Weight_in_gms,1021
4113,Weight_in_gms,4393
8392,Weight_in_gms,5005
7114,Weight_in_gms,4490
5393,Weight_in_gms,5331
6179,Weight_in_gms,4875
4488,Weight_in_gms,4651
559,Weight_in_gms,1489
8689,Weight_in_gms,4647
1827,Weight_in_gms,3361
2038,Weight_in_gms,3366
580,Weight_in_gms,3894
7416,Weight_in_gms,1184
222,Weight_in_gms,1588
5652,Weight_in_gms,5108
1209,Weight_in_gms,1994
4768,Weight_in_gms,5804
1608,Weight_in_gms,2204
6043,Weight_in_gms,1667
2980,Weight_in_gms,3450
1632,Weight_in_gms,3282
1733,Weight_in_gms,1323
6267,Weight_in_gms,1760
9643,Weight_in_gms,5242
9584,Weight_in_gms,4409
1507,Weight_in_gms,3393
9671,Weight_in_gms,1920
3251,Weight_in_gms,5877
3339,Weight_in_gms,4332
8640,Weight_in_gms,1470
2015,Weight_in_gms,3074
1532,Weight_in_gms,2163
3751,Weight_in_gms,4445
6230,Weight_in_gms,1716
4983,Weight_in_gms,5097
698,Weight_in_gms,1422
9243,Weight_in_gms,5189
1104,Weight_in_gms,1936
10057,Weight_in_gms,5799
8563,Weight_in_gms,1049
8819,Weight_in_gms,1087
7825,Weight_in_gms,4234
10433,Weight_in_gms,5275
2483,Weight_in_gms,3181
2819,Weight_in_gms,1803
2601,Weight_in_gms,3960
5572,Weight_in_gms,5703
4764,Weight_in_gms,4984
2877,Weight_in_gms,2720
9106,Weight_in_gms,1628
10105,Weight_in_gms,4787
6844,Weight_in_gms,4244
1195,Weight_in_gms,1519
4472,Weight_in_gms,4088
9729,Weight_in_gms,5772
3930,Weight_in_gms,5767
1249,Weight_in_gms,2999
4334,Weight_in_gms,4638
3045,Weight_in_gms,3327
6337,Weight_in_gms,4025
7916,Weight_in_gms,4747
9119,Weight_in_gms,4593
9808,Weight_in_gms,5655
6370,Weight_in_gms,5322
8043,Weight_in_gms,1578
5580,Weight_in_gms,4433
3514,Weight_in_gms,4745
2446,Weight_in_gms,2567
4869,Weight_in_gms,4525
8380,Weight_in_gms,4120
2635,Weight_in_gms,3717
8724,Weight_in_gms,5870
3029,Weight_in_gms,1161
1149,Weight_in_gms,1339
6982,Weight_in_gms,4925
188,Weight_in_gms,3778
8913,Weight_in_gms,1196
8259,Weight_in_gms,1762
6677,Weight_in_gms,5724
4920,Weight_in_gms,4854
4549,Weight_in_gms,1463
8469,Weight_in_gms,4678
7774,Weight_in_gms,4708
9825,Weight_in_gms,4376
1912,Weight_in_gms,3602
6278,Weight_in_gms,1686
1749,Weight_in_gms,1434
10179,Weight_in_gms,1947
69,Weight_in_gms,2512
10973,Weight_in_gms,1762
7891,Weight_in_gms,5141
1479,Weight_in_gms,1212
7624,Weight_in_gms,4071
1117,Weight_in_gms,3943
8863,Weight_in_gms,1336
6684,Weight_in_gms,4491
1563,Weight_in_gms,1387
5855,Weight_in_gms,4972
6295,Weight_in_gms,1296
263,Weight_in_gms,1089
5265,Weight_in_gms,1236
9755,Weight_in_gms,5286
10131,Weight_in_gms,4981
3023,Weight_in_gms,2520
5498,Weight_in_gms,4472
10084,Weight_in_gms,5560
3311,Weight_in_gms,5206
6996,Weight_in_gms,5230
5366,Weight_in_gms,5996
5158,Weight_in_gms,4361
10586,Weight_in_gms,4055
3178,Weight_in_gms,5622
10276,Weight_in_gms,5637
4199,Weight_in_gms,4953
10783,Weight_in_gms,1144
9797,Weight_in_gms,5911
5993,Weight_in_gms,4893
1308,Weight_in_gms,3976
4584,Weight_in_gms,4284
1385,Weight_in_gms,1955
8728,Weight_in_gms,4611
7810,Weight_in_gms,5189
892,Weight_in_gms,2266
7562,Weight_in_gms,4176
266,Weight_in_gms,1856
8502,Weight_in_gms,4691
9139,Weight_in_gms,1231
2113,Weight_in_gms,3716
4411,Weight_in_gms,4018
10869,Weight_in_gms,4947
8104,Weight_in_gms,5757
7344,Weight_in_gms,5179
9813,Weight_in_gms,5703
5357,Weight_in_gms,5760
3138,Weight_in_gms,4245
1290,Weight_in_gms,1751
10259,Weight_in_gms,4957
7173,Weight_in_gms,1409
191,Weight_in_gms,1092
1396,Weight_in_gms,1758
10719,Weight_in_gms,1072
2432,Weight_in_gms,1549
1846,Weight_in_gms,2059
148,Weight_in_gms,1844
9896,Weight_in_gms,4882
1525,Weight_in_gms,3277
4595,Weight_in_gms,5439
10765,Weight_in_gms,1259
5291,Weight_in_gms,5780
10298,Weight_in_gms,4536
3396,Weight_in_gms,4616
8239,Weight_in_gms,4077
10579,Weight_in_gms,4770
3290,Weight_in_gms,4649
2974,Weight_in_gms,2581
2083,Weight_in_gms,2713
475,Weight_in_gms,2093
9274,Weight_in_gms,5852
7635,Weight_in_gms,5363
6358,Weight_in_gms,5932
3895,Weight_in_gms,4632
1902,Weight_in_gms,1338
7923,Weight_in_gms,5347
1627,Weight_in_gms,2708
9465,Weight_in_gms,4233
10834,Weight_in_gms,5376
718,Weight_in_gms,2935
1303,Weight_in_gms,1706
339,Weight_in_gms,2989
2559,Weight_in_gms,1764
10063,Weight_in_gms,5013
9948,Weight_in_gms,1668
57,Weight_in_gms,3096
2788,Weight_in_gms,2960
4036,Weight_in_gms,4170
7933,Weight_in_gms,5713
7826,Weight_in_gms,5408
1004,Weight_in_gms,2837
9417,Weight_in_gms,1829
3971,Weight_in_gms,5549
4360,Weight_in_gms,4987
7033,Weight_in_gms,5219
3567,Weight_in_gms,5584
8207,Weight_in_gms,5785
236,Weight_in_gms,1352
3359,Weight_in_gms,4977
4993,Weight_in_gms,1448
5518,Weight_in_gms,1248
1234,Weight_in_gms,1982
9503,Weight_in_gms,5584
2377,Weight_in_gms,3719
9477,Weight_in_gms,4926
8997,Weight_in_gms,4221
7966,Weight_in_gms,5738
968,Weight_in_gms,1204
9490,Weight_in_gms,5908
1613,Weight_in_gms,3575
10563,Weight_in_gms,4457
10319,Weight_in_gms,4182
4633,Weight_in_gms,4632
3182,Weight_in_gms,5412
479,Weight_in_gms,1594
5678,Weight_in_gms,5282
1754,Weight_in_gms,3336
1925,Weight_in_gms,3932
9971,Weight_in_gms,5253
10562,Weight_in_gms,5335
2728,Weight_in_gms,2759
9649,Weight_in_gms,4031
5489,Weight_in_gms,4459
6628,Weight_in_gms,4694
3101,Weight_in_gms,3690
6767,Weight_in_gms,4521
10158,Weight_in_gms,4049
2162,Weight_in_gms,3599
3382,Weight_in_gms,4417
10271,Weight_in_gms,5898
8620,Weight_in_gms,1027
4907,Weight_in_gms,5318
8851,Weight_in_gms,5672
3307,Weight_in_gms,5897
3957,Weight_in_gms,4391
5834,Weight_in_gms,4956
5921,Weight_in_gms,4669
1508,Weight_in_gms,1471
400,Weight_in_gms,3773
2524,Weight_in_gms,1724
2458,Weight_in_gms,1023
10410,Weight_in_gms,1893
9780,Weight_in_gms,4741
6563,Weight_in_gms,1533
1151,Weight_in_gms,1779
3425,Weight_in_gms,4693
8210,Weight_in_gms,5809
10027,Weight_in_gms,4178
7766,Weight_in_gms,1090
7802,Weight_in_gms,5754
7046,Weight_in_gms,5818
2606,Weight_in_gms,3446
3006,Weight_in_gms,1675
1271,Weight_in_gms,1387
7185,Weight_in_gms,1983
10877,Weight_in_gms,5923
1161,Weight_in_gms,1411
3376,Weight_in_gms,5488
5924,Weight_in_gms,4287
3232,Weight_in_gms,4691
1500,Weight_in_gms,3912
5806,Weight_in_gms,5396
9586,Weight_in_gms,5812
107,Weight_in_gms,2624
8840,Weight_in_gms,1088
3891,Weight_in_gms,5900
232,Weight_in_gms,2240
3046,Weight_in_gms,1647
4698,Weight_in_gms,5601
9096,Weight_in_gms,1813
5574,Weight_in_gms,4381
5835,Weight_in_gms,5275
3550,Weight_in_gms,4845
10213,Weight_in_gms,1709
2859,Weight_in_gms,2555
8649,Weight_in_gms,1383
5072,Weight_in_gms,4750
5808,Weight_in_gms,5635
6125,Weight_in_gms,5168
1725,Weight_in_gms,2599
10048,Weight_in_gms,4960
4728,Weight_in_gms,4092
5259,Weight_in_gms,1860
7193,Weight_in_gms,1279
5217,Weight_in_gms,1494
2957,Weight_in_gms,2522
887,Weight_in_gms,2693
697,Weight_in_gms,1110
8393,Weight_in_gms,4052
5009,Weight_in_gms,5985
5173,Weight_in_gms,5165
4485,Weight_in_gms,5265
10282,Weight_in_gms,4244
1626,Weight_in_gms,2280
245,Weight_in_gms,6064
3163,Weight_in_gms,4862
6341,Weight_in_gms,4449
6573,Weight_in_gms,1597
3723,Weight_in_gms,4318
4799,Weight_in_gms,1644
6238,Weight_in_gms,4206
10625,Weight_in_gms,5916
9933,Weight_in_gms,1473
3222,Weight_in_gms,5481
1832,Weight_in_gms,3296
8522,Weight_in_gms,5642
6312,Weight_in_gms,1826
1882,Weight_in_gms,3573
1111,Weight_in_gms,2957
7281,Weight_in_gms,5866
1553,Weight_in_gms,3099
7099,Weight_in_gms,5186
3545,Weight_in_gms,4540
2023,Weight_in_gms,2203
5310,Weight_in_gms,5705
1929,Weight_in_gms,2000
448,Weight_in_gms,2169
8460,Weight_in_gms,5675
4471,Weight_in_gms,5549
8146,Weight_in_gms,4171
909,Weight_in_gms,2066
6763,Weight_in_gms,4165
6990,Weight_in_gms,4292
1019,Weight_in_gms,1010
6284,Weight_in_gms,1418
1509,Weight_in_gms,2381
6750,Weight_in_gms,5395
3322,Weight_in_gms,4203
4651,Weight_in_gms,4408
7140,Weight_in_gms,1696
7745,Weight_in_gms,1312
5305,Weight_in_gms,4422
8167,Weight_in_gms,5213
211,Weight_in_gms,1522
9225,Weight_in_gms,5727
4989,Weight_in_gms,1674
1904,Weight_in_gms,1648
5891,Weight_in_gms,4837
6240,Weight_in_gms,4771
8712,Weight_in_gms,5649
3297,Weight_in_gms,4597
7776,Weight_in_gms,5482
2181,Weight_in_gms,3489
7588,Weight_in_gms,5529
4913,Weight_in_gms,4855
1376,Weight_in_gms,3410
9731,Weight_in_gms,4881
4820,Weight_in_gms,1105
1040,Weight_in_gms,2546
855,Weight_in_gms,1906
2936,Weight_in_gms,1188
7948,Weight_in_gms,4104
4847,Weight_in_gms,5292
10998,Weight_in_gms,1210
7734,Weight_in_gms,1083
2818,Weight_in_gms,1798
8403,Weight_in_gms,4758
2844,Weight_in_gms,1054
10460,Weight_in_gms,1738
8249,Weight_in_gms,4540
2870,Weight_in_gms,2421
4938,Weight_in_gms,5973
7555,Weight_in_gms,5356
5346,Weight_in_gms,5740
9811,Weight_in_gms,4562
3956,Weight_in_gms,5738
10389,Weight_in_gms,5952
3661,Weight_in_gms,4440
1275,Weight_in_gms,3198
3702,Weight_in_gms,4335
947,Weight_in_gms,1819
10370,Weight_in_gms,4668
3910,Weight_in_gms,5875
6562,Weight_in_gms,1377
6813,Weight_in_gms,1708
7391,Weight_in_gms,4178
3260,Weight_in_gms,5486
2582,Weight_in_gms,1708
4120,Weight_in_gms,4058
1798,Weight_in_gms,3667
4825,Weight_in_gms,1428
5361,Weight_in_gms,5062
7532,Weight_in_gms,5437
5380,Weight_in_gms,4314
1648,Weight_in_gms,3787
10149,Weight_in_gms,1189
5422,Weight_in_gms,4012
9746,Weight_in_gms,4490
1746,Weight_in_gms,1057
7761,Weight_in_gms,1793
5000,Weight_in_gms,4950
7543,Weight_in_gms,4604
7821,Weight_in_gms,5135
8354,Weight_in_gms,1018
976,Weight_in_gms,3558
1150,Weight_in_gms,2371
246,Weight_in_gms,7684
3621,Weight_in_gms,4061
1809,Weight_in_gms,1148
3480,Weight_in_gms,4700
8820,Weight_in_gms,1571
4529,Weight_in_gms,5826
4404,Weight_in_gms,4343
10856,Weight_in_gms,4996
7200,Weight_in_gms,1038
10797,Weight_in_gms,1015
8498,Weight_in_gms,4877
5475,Weight_in_gms,5892
6040,Weight_in_gms,1555
1370,Weight_in_gms,1674
7178,Weight_in_gms,1003
4711,Weight_in_gms,4781
3185,Weight_in_gms,4666
9954,Weight_in_gms,1842
3053,Weight_in_gms,1779
9284,Weight_in_gms,4574
633,Weight_in_gms,1539
8916,Weight_in_gms,1735
2539,Weight_in_gms,3532
377,Weight_in_gms,1965
9263,Weight_in_gms,4769
10776,Weight_in_gms,1996
4435,Weight_in_gms,4502
3003,Weight_in_gms,2087
2330,Weight_in_gms,2256
10672,Weight_in_gms,1551
4743,Weight_in_gms,5062
3775,Weight_in_gms,4533
335,Weight_in_gms,2854
6549,Weight_in_gms,1247
3303,Weight_in_gms,5664
8637,Weight_in_gms,1294
6077,Weight_in_gms,5016
985,Weight_in_gms,1111
6017,Weight_in_gms,1014
6146,Weight_in_gms,5302
6900,Weight_in_gms,1694
6247,Weight_in_gms,4128
8318,Weight_in_gms,1112
862,Weight_in_gms,1537
6147,Weight_in_gms,5769
9299,Weight_in_gms,4312
5124,Weight_in_gms,4226
7119,Weight_in_gms,4523
7271,Weight_in_gms,4534
4783,Weight_in_gms,5867
1247,Weight_in_gms,2514
2672,Weight_in_gms,3606
1522,Weight_in_gms,3622
406,Weight_in_gms,1494
6191,Weight_in_gms,4332
5504,Weight_in_gms,1864
4996,Weight_in_gms,5674
6050,Weight_in_gms,1780
10893,Weight_in_gms,5800
3018,Weight_in_gms,2107
7680,Weight_in_gms,5691
5136,Weight_in_gms,5101
7242,Weight_in_gms,5554
8501,Weight_in_gms,5560
8573,Weight_in_gms,5744
8682,Weight_in_gms,5479
81,Weight_in_gms,1942
8771,Weight_in_gms,5608
2179,Weight_in_gms,1978
9076,Weight_in_gms,4563
1524,Weight_in_gms,3372
6942,Weight_in_gms,5258
7441,Weight_in_gms,4083
2612,Weight_in_gms,2932
3144,Weight_in_gms,5085
9794,Weight_in_gms,4411
4226,Weight_in_gms,4029
9181,Weight_in_gms,1915
8779,Weight_in_gms,4585
4748,Weight_in_gms,5139
9080,Weight_in_gms,5042
8378,Weight_in_gms,5125
3409,Weight_in_gms,5376
1062,Weight_in_gms,2470
7643,Weight_in_gms,5090
6874,Weight_in_gms,1852
9090,Weight_in_gms,1504
1755,Weight_in_gms,2756
4773,Weight_in_gms,4811
10268,Weight_in_gms,4616
7315,Weight_in_gms,5326
6165,Weight_in_gms,4088
2479,Weight_in_gms,2688
3607,Weight_in_gms,1360
5197,Weight_in_gms,4664
7500,Weight_in_gms,1418
1420,Weight_in_gms,1457
5059,Weight_in_gms,5984
2071,Weight_in_gms,2455
8696,Weight_in_gms,4607
5133,Weight_in_gms,5401
835,Weight_in_gms,2563
4050,Weight_in_gms,4268
9901,Weight_in_gms,4727
3563,Weight_in_gms,4137
4493,Weight_in_gms,4832
10581,Weight_in_gms,5735
4010,Weight_in_gms,5973
8147,Weight_in_gms,4751
10092,Weight_in_gms,5729
7473,Weight_in_gms,1573
8134,Weight_in_gms,4463
1689,Weight_in_gms,3444
5982,Weight_in_gms,4891
480,Weight_in_gms,1113
5449,Weight_in_gms,5354
5109,Weight_in_gms,4299
3984,Weight_in_gms,5797
2131,Weight_in_gms,3448
8321,Weight_in_gms,1629
8524,Weight_in_gms,5066
7424,Weight_in_gms,1705
9782,Weight_in_gms,5097
4882,Weight_in_gms,4364
10634,Weight_in_gms,5159
745,Weight_in_gms,1463
3885,Weight_in_gms,5139
7676,Weight_in_gms,1438
8308,Weight_in_gms,1626
1811,Weight_in_gms,3013
6924,Weight_in_gms,1729
3034,Weight_in_gms,3068
9073,Weight_in_gms,5338
9410,Weight_in_gms,1238
700,Weight_in_gms,1037
9736,Weight_in_gms,5303
6082,Weight_in_gms,5080
1011,Weight_in_gms,3024
2493,Weight_in_gms,3506
4942,Weight_in_gms,5168
4865,Weight_in_gms,5552
5984,Weight_in_gms,5808
9028,Weight_in_gms,4628
4416,Weight_in_gms,5675
7066,Weight_in_gms,5390
8578,Weight_in_gms,4257
10173,Weight_in_gms,4636
2004,Weight_in_gms,3236
4071,Weight_in_gms,4873
5494,Weight_in_gms,5368
4946,Weight_in_gms,5277
9222,Weight_in_gms,5748
1407,Weight_in_gms,1130
5637,Weight_in_gms,4437
8635,Weight_in_gms,1592
7882,Weight_in_gms,4430
8362,Weight_in_gms,1711
8084,Weight_in_gms,4600
10721,Weight_in_gms,1080
5786,Weight_in_gms,1880
1036,Weight_in_gms,2205
2215,Weight_in_gms,3261
7666,Weight_in_gms,4417
945,Weight_in_gms,3910
9440,Weight_in_gms,1320
4762,Weight_in_gms,1411
4826,Weight_in_gms,5133
7199,Weight_in_gms,1112
8512,Weight_in_gms,5420
982,Weight_in_gms,3189
1661,Cost_of_the_Product,140
10983,Cost_of_the_Product,275
8522,Cost_of_the_Product,165
2879,Cost_of_the_Product,224
8083,Cost_of_the_Product,115
6512,Cost_of_the_Product,222
2168,Cost_of_the_Product,151
10100,Cost_of_the_Product,133
10144,Cost_of_the_Product,247
3593,Cost_of_the_Product,263
5807,Cost_of_the_Product,208
4577,Cost_of_the_Product,196
2556,Cost_of_the_Product,150
10690,Cost_of_the_Product,260
2869,Cost_of_the_Product,125
6285,Cost_of_the_Product,249
6395,Cost_of_the_Product,220
6012,Cost_of_the_Product,276
2383,Cost_of_the_Product,244
6942,Cost_of_the_Product,264
4529,Cost_of_the_Product,263
6213,Cost_of_the_Product,208
4769,Cost_of_the_Product,273
1045,Cost_of_the_Product,205
7568,Cost_of_the_Product,251
2315,Cost_of_the_Product,134
7591,Cost_of_the_Product,274
9895,Cost_of_the_Product,271
7397,Cost_of_the_Product,239
208,Cost_of_the_Product,160
9714,Cost_of_the_Product,247
9297,Cost_of_the_Product,128
8376,Cost_of_the_Product,224
3140,Cost_of_the_Product,277
9178,Cost_of_the_Product,179
9483,Cost_of_the_Product,126
9069,Cost_of_the_Product,231
4003,Cost_of_the_Product,202
10597,Cost_of_the_Product,167
8043,Cost_of_the_Product,307
3322,Cost_of_the_Product,178
8082,Cost_of_the_Product,142
6286,Cost_of_the_Product,244
10615,Cost_of_the_Product,228
4871,Cost_of_the_Product,204
7008,Cost_of_the_Product,126
10980,Cost_of_the_Product,253
8521,Cost_of_the_Product,191
10697,Cost_of_the_Product,143
3265,Cost_of_the_Product,216
8498,Cost_of_the_Product,264
8432,Cost_of_the_Product,250
9315,Cost_of_the_Product,230
1757,Cost_of_the_Product,262
4420,Cost_of_the_Product,239
3610,Cost_of_the_Product,195
6076,Cost_of_the_Product,230
9584,Cost_of_the_Product,145
8715,Cost_of_the_Product,222
6980,Cost_of_the_Product,139
3985,Cost_of_the_Product,160
5372,Cost_of_the_Product,257
232,Cost_of_the_Product,209
5425,Cost_of_the_Product,229
6830,Cost_of_the_Product,267
4389,Cost_of_the_Product,175
3984,Cost_of_the_Product,263
5178,Cost_of_the_Product,226
9731,Cost_of_the_Product,138
7158,Cost_of_the_Product,295
3196,Cost_of_the_Product,161
640,Cost_of_the_Product,247
6238,Cost_of_the_Product,238
10539,Cost_of_the_Product,213
2545,Cost_of_the_Product,243
7437,Cost_of_the_Product,232
6086,Cost_of_the_Product,217
5811,Cost_of_the_Product,197
9509,Cost_of_the_Product,137
7675,Cost_of_the_Product,242
7000,Cost_of_the_Product,267
5450,Cost_of_the_Product,169
5412,Cost_of_the_Product,246
9590,Cost_of_the_Product,166
10774,Cost_of_the_Product,223
7405,Cost_of_the_Product,228
9091,Cost_of_the_Product,256
9133,Cost_of_the_Product,251
6740,Cost_of_the_Product,179
10641,Cost_of_the_Product,169
2833,Cost_of_the_Product,168
2803,Cost_of_the_Product,99
1386,Cost_of_the_Product,166
7654,Cost_of_the_Product,180
2750,Cost_of_the_Product,192
8708,Cost_of_the_Product,248
1294,Cost_of_the_Product,254
1722,Cost_of_the_Product,270
6678,Cost_of_the_Product,231
9132,Cost_of_the_Product,256
2467,Cost_of_the_Product,126
7514,Cost_of_the_Product,253
10846,Cost_of_the_Product,272
9401,Cost_of_the_Product,285
7785,Cost_of_the_Product,144
1625,Cost_of_the_Product,156
1980,Cost_of_the_Product,237
8056,Cost_of_the_Product,212
3269,Cost_of_the_Product,217
8882,Cost_of_the_Product,256
198,Cost_of_the_Product,136
3054,Cost_of_the_Product,264
6638,Cost_of_the_Product,153
7341,Cost_of_the_Product,154
6565,Cost_of_the_Product,257
10943,Cost_of_the_Product,219
6686,Cost_of_the_Product,243
3255,Cost_of_the_Product,100
919,Cost_of_the_Product,188
8289,Cost_of_the_Product,145
1261,Cost_of_the_Product,197
2591,Cost_of_the_Product,161
4411,Cost_of_the_Product,197
4655,Cost_of_the_Product,271
4092,Cost_of_the_Product,277
6983,Cost_of_the_Product,136
3433,Cost_of_the_Product,175
4039,Cost_of_the_Product,271
6489,Cost_of_the_Product,194
1901,Cost_of_the_Product,192
4206,Cost_of_the_Product,243
3315,Cost_of_the_Product,168
9100,Cost_of_the_Product,282
7275,Cost_of_the_Product,248
5107,Cost_of_the_Product,145
5917,Cost_of_the_Product,268
7224,Cost_of_the_Product,260
1501,Cost_of_the_Product,271
5640,Cost_of_the_Product,183
8978,Cost_of_the_Product,101
4048,Cost_of_the_Product,151
3959,Cost_of_the_Product,132
7417,Cost_of_the_Product,242
7379,Cost_of_the_Product,254
3680,Cost_of_the_Product,240
7178,Cost_of_the_Product,254
9519,Cost_of_the_Product,154
3629,Cost_of_the_Product,134
3040,Cost_of_the_Product,177
1732,Cost_of_the_Product,138
6633,Cost_of_the_Product,242
10857,Cost_of_the_Product,206
5342,Cost_of_the_Product,151
4553,Cost_of_the_Product,273
9972,Cost_of_the_Product,137
2793,Cost_of_the_Product,171
7539,Cost_of_the_Product,153
7507,Cost_of_the_Product,253
8977,Cost_of_the_Product,233
2914,Cost_of_the_Product,250
4524,Cost_of_the_Product,170
9940,Cost_of_the_Product,218
406,Cost_of_the_Product,124
5874,Cost_of_the_Product,242
10888,Cost_of_the_Product,275
9926,Cost_of_the_Product,247
6826,Cost_of_the_Product,305
10772,Cost_of_the_Product,250
1785,Cost_of_the_Product,208
5597,Cost_of_the_Product,168
3452,Cost_of_the_Product,213
5293,Cost_of_the_Product,205
9570,Cost_of_the_Product,133
6185,Cost_of_the_Product,266
4763,Cost_of_the_Product,149
734,Cost_of_the_Product,197
6043,Cost_of_the_Product,271
6634,Cost_of_the_Product,237
6651,Cost_of_the_Product,162
3053,Cost_of_the_Product,168
4648,Cost_of_the_Product,271
7254,Cost_of_the_Product,168
7322,Cost_of_the_Product,226
4174,Cost_of_the_Product,234
3219,Cost_of_the_Product,210
6532,Cost_of_the_Product,240
9298,Cost_of_the_Product,167
1546,Cost_of_the_Product,251
3964,Cost_of_the_Product,213
5012,Cost_of_the_Product,152
6380,Cost_of_the_Product,266
7949,Cost_of_the_Product,150
1538,Cost_of_the_Product,171
4381,Cost_of_the_Product,255
1303,Cost_of_the_Product,152
8055,Cost_of_the_Product,267
4627,Cost_of_the_Product,152
4014,Cost_of_the_Product,237
627,Cost_of_the_Product,236
8869,Cost_of_the_Product,246
2838,Cost_of_the_Product,146
2835,Cost_of_the_Product,149
10036,Cost_of_the_Product,219
5584,Cost_of_the_Product,134
24,Cost_of_the_Product,211
10386,Cost_of_the_Product,272
6458,Cost_of_the_Product,266
2903,Cost_of_the_Product,283
4428,Cost_of_the_Product,234
5369,Cost_of_the_Product,175
10494,Cost_of_the_Product,151
2130,Cost_of_the_Product,165
2144,Cost_of_the_Product,154
8367,Cost_of_the_Product,136
8027,Cost_of_the_Product,252
6447,Cost_of_the_Product,154
7596,Cost_of_the_Product,269
548,Cost_of_the_Product,245
6301,Cost_of_the_Product,258
6654,Cost_of_the_Product,179
8040,Cost_of_the_Product,245
578,Cost_of_the_Product,210
3466,Cost_of_the_Product,202
9433,Cost_of_the_Product,271
508,Cost_of_the_Product,230
5662,Cost_of_the_Product,245
10923,Cost_of_the_Product,216
6906,Cost_of_the_Product,306
9325,Cost_of_the_Product,191
8395,Cost_of_the_Product,249
1549,Cost_of_the_Product,272
8503,Cost_of_the_Product,179
4750,Cost_of_the_Product,232
3759,Cost_of_the_Product,231
7516,Cost_of_the_Product,240
8280,Cost_of_the_Product,282
8295,Cost_of_the_Product,144
1446,Cost_of_the_Product,254
10023,Cost_of_the_Product,186
8514,Cost_of_the_Product,98
1899,Cost_of_the_Product,256
6698,Cost_of_the_Product,187
5395,Cost_of_the_Product,262
10420,Cost_of_the_Product,238
4063,Cost_of_the_Product,98
10316,Cost_of_the_Product,146
4719,Cost_of_the_Product,225
729,Cost_of_the_Product,149
6172,Cost_of_the_Product,189
9291,Cost_of_the_Product,179
3264,Cost_of_the_Product,209
10691,Cost_of_the_Product,159
9308,Cost_of_the_Product,167
1595,Cost_of_the_Product,148
1208,Cost_of_the_Product,100
3861,Cost_of_the_Product,233
306,Cost_of_the_Product,249
8881,Cost_of_the_Product,308
2572,Cost_of_the_Product,212
1671,Cost_of_the_Product,209
2111,Cost_of_the_Product,180
9753,Cost_of_the_Product,258
5634,Cost_of_the_Product,203
3787,Cost_of_the_Product,144
10694,Cost_of_the_Product,261
1492,Cost_of_the_Product,226
9691,Cost_of_the_Product,221
8483,Cost_of_the_Product,150
4902,Cost_of_the_Product,164
910,Cost_of_the_Product,186
9685,Cost_of_the_Product,303
1857,Cost_of_the_Product,190
1279,Cost_of_the_Product,185
3660,Cost_of_the_Product,166
1341,Cost_of_the_Product,183
3677,Cost_of_the_Product,273
4423,Cost_of_the_Product,207
8401,Cost_of_the_Product,150
5462,Cost_of_the_Product,256
4004,Cost_of_the_Product,158
5393,Cost_of_the_Product,257
4598,Cost_of_the_Product,197
4996,Cost_of_the_Product,275
2874,Cost_of_the_Product,233
5272,Cost_of_the_Product,243
3345,Cost_of_the_Product,133
7919,Cost_of_the_Product,182
32,Cost_of_the_Product,257
9047,Cost_of_the_Product,248
758,Cost_of_the_Product,224
9579,Cost_of_the_Product,236
373,Cost_of_the_Product,188
1644,Cost_of_the_Product,153
3019,Cost_of_the_Product,219
2496,Cost_of_the_Product,229
3396,Cost_of_the_Product,224
10391,Cost_of_the_Product,222
7342,Cost_of_the_Product,155
5414,Cost_of_the_Product,199
5456,Cost_of_the_Product,256
3462,Cost_of_the_Product,144
7621,Cost_of_the_Product,206
8923,Cost_of_the_Product,229
5860,Cost_of_the_Product,159
8688,Cost_of_the_Product,176
1369,Cost_of_the_Product,247
7249,Cost_of_the_Product,173
8972,Cost_of_the_Product,261
2504,Cost_of_the_Product,156
1892,Cost_of_the_Product,238
4594,Cost_of_the_Product,271
628,Cost_of_the_Product,190
4224,Cost_of_the_Product,229
6646,Cost_of_the_Product,168
1834,Cost_of_the_Product,245
6310,Cost_of_the_Product,251
8648,Cost_of_the_Product,285
1817,Cost_of_the_Product,203
2704,Cost_of_the_Product,185
3934,Cost_of_the_Product,280
1027,Cost_of_the_Product,138
7428,Cost_of_the_Product,264
9161,Cost_of_the_Product,274
2382,Cost_of_the_Product,119
1234,Cost_of_the_Product,176
4177,Cost_of_the_Product,180
9629,Cost_of_the_Product,286
6171,Cost_of_the_Product,219
10987,Cost_of_the_Product,255
442,Cost_of_the_Product,190
7902,Cost_of_the_Product,182
309,Cost_of_the_Product,165
7777,Cost_of_the_Product,249
1136,Cost_of_the_Product,257
4144,Cost_of_the_Product,122
8549,Cost_of_the_Product,226
3801,Cost_of_the_Product,156
8681,Cost_of_the_Product,137
10280,Cost_of_the_Product,168
7575,Cost_of_the_Product,270
7528,Cost_of_the_Product,177
10380,Cost_of_the_Product,171
5984,Cost_of_the_Product,238
3842,Cost_of_the_Product,164
8728,Cost_of_the_Product,211
1093,Cost_of_the_Product,200
1643,Cost_of_the_Product,259
4656,Cost_of_the_Product,102
10282,Cost_of_the_Product,152
839,Cost_of_the_Product,168
1695,Cost_of_the_Product,180
5341,Cost_of_the_Product,249
10804,Cost_of_the_Product,250
4128,Cost_of_the_Product,176
6325,Cost_of_the_Product,104
7620,Cost_of_the_Product,170
8675,Cost_of_the_Product,148
10684,Cost_of_the_Product,176
995,Cost_of_the_Product,259
4362,Cost_of_the_Product,172
5673,Cost_of_the_Product,150
2282,Cost_of_the_Product,191
3125,Cost_of_the_Product,177
9661,Cost_of_the_Product,238
1415,Cost_of_the_Product,225
4210,Cost_of_the_Product,252
738,Cost_of_the_Product,111
6044,Cost_of_the_Product,250
9786,Cost_of_the_Product,183
3644,Cost_of_the_Product,155
10089,Cost_of_the_Product,267
6307,Cost_of_the_Product,221
10114,Cost_of_the_Product,282
1081,Cost_of_the_Product,224
9264,Cost_of_the_Product,148
10325,Cost_of_the_Product,269
9010,Cost_of_the_Product,204
3100,Cost_of_the_Product,172
7861,Cost_of_the_Product,139
3215,Cost_of_the_Product,145
3031,Cost_of_the_Product,209
1393,Cost_of_the_Product,253
2596,Cost_of_the_Product,168
10843,Cost_of_the_Product,251
1139,Cost_of_the_Product,158
9088,Cost_of_the_Product,250
5097,Cost_of_the_Product,273
6929,Cost_of_the_Product,286
6714,Cost_of_the_Product,279
10714,Cost_of_the_Product,221
9872,Cost_of_the_Product,214
925,Cost_of_the_Product,161
4956,Cost_of_the_Product,177
89,Cost_of_the_Product,229
466,Cost_of_the_Product,294
1318,Cost_of_the_Product,111
2672,Cost_of_the_Product,233
10682,Cost_of_the_Product,151
4824,Cost_of_the_Product,263
588,Cost_of_the_Product,194
5377,Cost_of_the_Product,236
4933,Cost_of_the_Product,266
1914,Cost_of_the_Product,246
10053,Cost_of_the_Product,104
2083,Cost_of_the_Product,215
4927,Cost_of_the_Product,159
2867,Cost_of_the_Product,274
3544,Cost_of_the_Product,265
9082,Cost_of_the_Product,247
10842,Cost_of_the_Product,169
7769,Cost_of_the_Product,238
4876,Cost_of_the_Product,234
1021,Cost_of_the_Product,166
2045,Cost_of_the_Product,109
2513,Cost_of_the_Product,178
7502,Cost_of_the_Product,265
9851,Cost_of_the_Product,122
245,Cost_of_the_Product,142
3503,Cost_of_the_Product,135
483,Cost_of_the_Product,220
7065,Cost_of_the_Product,101
3177,Cost_of_the_Product,238
1682,Cost_of_the_Product,121
3430,Cost_of_the_Product,245
1354,Cost_of_the_Product,158
7940,Cost_of_the_Product,154
4070,Cost_of_the_Product,271
3746,Cost_of_the_Product,205
3896,Cost_of_the_Product,263
3492,Cost_of_the_Product,223
2033,Cost_of_the_Product,195
700,Cost_of_the_Product,113
4832,Cost_of_the_Product,228
10623,Cost_of_the_Product,98
9667,Cost_of_the_Product,256
5951,Cost_of_the_Product,184
6220,Cost_of_the_Product,258
106,Cost_of_the_Product,144
4230,Cost_of_the_Product,172
3978,Cost_of_the_Product,255
6008,Cost_of_the_Product,306
5909,Cost_of_the_Product,199
6296,Cost_of_the_Product,240
3601,Cost_of_the_Product,245
3302,Cost_of_the_Product,205
6483,Cost_of_the_Product,177
4083,Cost_of_the_Product,144
10462,Cost_of_the_Product,260
9185,Cost_of_the_Product,219
9638,Cost_of_the_Product,245
7445,Cost_of_the_Product,223
8333,Cost_of_the_Product,246
3905,Cost_of_the_Product,187
10229,Cost_of_the_Product,238
10139,Cost_of_the_Product,284
2179,Cost_of_the_Product,161
10933,Cost_of_the_Product,261
4721,Cost_of_the_Product,152
7703,Cost_of_the_Product,272
10848,Cost_of_the_Product,169
2118,Cost_of_the_Product,135
34,Cost_of_the_Product,234
1035,Cost_of_the_Product,208
5212,Cost_of_the_Product,160
8272,Cost_of_the_Product,301
8927,Cost_of_the_Product,255
8973,Cost_of_the_Product,243
7252,Cost_of_the_Product,190
10973,Cost_of_the_Product,249
8075,Cost_of_the_Product,199
1085,Cost_of_the_Product,262
4609,Cost_of_the_Product,236
5912,Cost_of_the_Product,149
9852,Cost_of_the_Product,219
8123,Cost_of_the_Product,155
5540,Cost_of_the_Product,226
7587,Cost_of_the_Product,238
6774,Cost_of_the_Product,250
7698,Cost_of_the_Product,189
922,Cost_of_the_Product,209
5367,Cost_of_the_Product,166
4288,Cost_of_the_Product,147
3936,Cost_of_the_Product,139
6707,Cost_of_the_Product,182
9121,Cost_of_the_Product,150
6693,Cost_of_the_Product,190
7619,Cost_of_the_Product,175
9141,Cost_of_the_Product,282
4881,Cost_of_the_Product,218
3560,Cost_of_the_Product,194
2205,Cost_of_the_Product,255
2533,Cost_of_the_Product,236
9484,Cost_of_the_Product,241
10222,Cost_of_the_Product,237
10869,Cost_of_the_Product,219
9563,Cost_of_the_Product,237
2075,Cost_of_the_Product,175
7091,Cost_of_the_Product,264
1856,Cost_of_the_Product,247
10598,Cost_of_the_Product,258
10001,Cost_of_the_Product,234
3741,Cost_of_the_Product,241
1554,Cost_of_the_Product,190
4877,Cost_of_the_Product,237
7102,Cost_of_the_Product,223
1665,Cost_of_the_Product,204
4111,Cost_of_the_Product,240
6842,Cost_of_the_Product,207
9260,Cost_of_the_Product,136
8039,Cost_of_the_Product,301
980,Cost_of_the_Product,140
9781,Cost_of_the_Product,223
4248,Cost_of_the_Product,161
4457,Cost_of_the_Product,216
5418,Cost_of_the_Product,150
3734,Cost_of_the_Product,228
8292,Cost_of_the_Product,208
367,Cost_of_the_Product,122
130,Cost_of_the_Product,224
9822,Cost_of_the_Product,151
5362,Cost_of_the_Product,251
9632,Cost_of_the_Product,292
4370,Cost_of_the_Product,244
1562,Cost_of_the_Product,265
10252,Cost_of_the_Product,267
7482,Cost_of_the_Product,269
7908,Cost_of_the_Product,251
2792,Cost_of_the_Product,193
5913,Cost_of_the_Product,193
7959,Cost_of_the_Product,293
7570,Cost_of_the_Product,155
5557,Cost_of_the_Product,249
7069,Cost_of_the_Product,163
7843,Cost_of_the_Product,227
4134,Cost_of_the_Product,124
5482,Cost_of_the_Product,162
5777,Cost_of_the_Product,224
1934,Cost_of_the_Product,219
6376,Cost_of_the_Product,197
6469,Cost_of_the_Product,206
2649,Cost_of_the_Product,135
8761,Cost_of_the_Product,187
9126,Cost_of_the_Product,204
8850,Cost_of_the_Product,203
2416,Cost_of_the_Product,207
1633,Cost_of_the_Product,204
6223,Cost_of_the_Product,276
10636,Cost_of_the_Product,205
10734,Cost_of_the_Product,251
1983,Cost_of_the_Product,134
8739,Cost_of_the_Product,196
10208,Cost_of_the_Product,259
6937,Cost_of_the_Product,191
3591,Cost_of_the_Product,203
3082,Cost_of_the_Product,134
1381,Cost_of_the_Product,118
6217,Cost_of_the_Product,292
4677,Cost_of_the_Product,216
529,Cost_of_the_Product,261
7548,Cost_of_the_Product,149
2858,Cost_of_the_Product,178
1908,Cost_of_the_Product,238
6506,Cost_of_the_Product,254
1731,Cost_of_the_Product,181
10893,Cost_of_the_Product,167
4344,Cost_of_the_Product,204
9215,Cost_of_the_Product,156
954,Cost_of_the_Product,160
9393,Cost_of_the_Product,157
5996,Cost_of_the_Product,250
1329,Cost_of_the_Product,201
4065,Cost_of_the_Product,169
6123,Cost_of_the_Product,275
6052,Cost_of_the_Product,165
10402,Cost_of_the_Product,187
5797,Cost_of_the_Product,207
174,Cost_of_the_Product,270
9683,Cost_of_the_Product,254
42,Cost_of_the_Product,139
2777,Cost_of_the_Product,192
10394,Cost_of_the_Product,241
1272,Cost_of_the_Product,236
5318,Cost_of_the_Product,232
8328,Cost_of_the_Product,287
1814,Cost_of_the_Product,187
632,Cost_of_the_Product,233
7268,Cost_of_the_Product,233
7029,Cost_of_the_Product,196
1508,Cost_of_the_Product,135
8144,Cost_of_the_Product,106
1323,Cost_of_the_Product,141
2479,Cost_of_the_Product,229
6231,Cost_of_the_Product,282
1553,Cost_of_the_Product,211
9340,Cost_of_the_Product,175
1304,Cost_of_the_Product,138
3329,Cost_of_the_Product,219
8671,Cost_of_the_Product,159
7754,Cost_of_the_Product,284
3166,Cost_of_the_Product,178
7435,Cost_of_the_Product,171
8876,Cost_of_the_Product,225
7616,Cost_of_the_Product,175
6924,Cost_of_the_Product,253
1739,Cost_of_the_Product,208
7376,Cost_of_the_Product,194
200,Cost_of_the_Product,154
4028,Cost_of_the_Product,249
3641,Cost_of_the_Product,159
7734,Cost_of_the_Product,301
314,Cost_of_the_Product,272
9060,Cost_of_the_Product,199
822,Cost_of_the_Product,98
8656,Cost_of_the_Product,245
3340,Cost_of_the_Product,272
6685,Cost_of_the_Product,150
4354,Cost_of_the_Product,208
5421,Cost_of_the_Product,234
2276,Cost_of_the_Product,155
3119,Cost_of_the_Product,182
6320,Cost_of_the_Product,252
1189,Cost_of_the_Product,143
10787,Cost_of_the_Product,222
5769,Cost_of_the_Product,266
3351,Cost_of_the_Product,157
1563,Cost_of_the_Product,136
8560,Cost_of_the_Product,236
7729,Cost_of_the_Product,236
3807,Cost_of_the_Product,156
837,Cost_of_the_Product,229
10369,Cost_of_the_Product,213
9578,Cost_of_the_Product,187
6356,Cost_of_the_Product,114
10199,Cost_of_the_Product,239
4788,Cost_of_the_Product,144
5868,Cost_of_the_Product,209
9681,Cost_of_the_Product,255
2619,Cost_of_the_Product,187
2680,Cost_of_the_Product,185
3069,Cost_of_the_Product,139
9017,Cost_of_the_Product,127
10491,Cost_of_the_Product,194
8149,Cost_of_the_Product,176
9454,Cost_of_the_Product,230
1716,Cost_of_the_Product,275
4828,Cost_of_the_Product,109
6530,Cost_of_the_Product,177
5625,Cost_of_the_Product,143
9002,Cost_of_the_Product,200
2961,Cost_of_the_Product,212
51,Cost_of_the_Product,183
5213,Cost_of_the_Product,229
8964,Cost_of_the_Product,183
7255,Cost_of_the_Product,229
6229,Cost_of_the_Product,269
2436,Cost_of_the_Product,207
6009,Cost_of_the_Product,258
939,Cost_of_the_Product,236
2552,Cost_of_the_Product,270
5021,Cost_of_the_Product,292
6549,Cost_of_the_Product,231
7459,Cost_of_the_Product,228
1169,Cost_of_the_Product,177
1623,Cost_of_the_Product,180
331,Cost_of_the_Product,197
8627,Cost_of_the_Product,307
10994,Cost_of_the_Product,257
9858,Cost_of_the_Product,270
98,Cost_of_the_Product,271
950,Cost_of_the_Product,258
9712,Cost_of_the_Product,217
218,Cost_of_the_Product,176
1462,Cost_of_the_Product,218
3373,Cost_of_the_Product,234
501,Cost_of_the_Product,212
6384,Cost_of_the_Product,261
1592,Cost_of_the_Product,252
2024,Cost_of_the_Product,208
7527,Cost_of_the_Product,157
9140,Cost_of_the_Product,298
4875,Cost_of_the_Product,238
5236,Cost_of_the_Product,249
514,Cost_of_the_Product,250
5108,Cost_of_the_Product,257
9848,Cost_of_the_Product,173
2614,Cost_of_the_Product,273
3502,Cost_of_the_Product,247
7877,Cost_of_the_Product,229
2417,Cost_of_the_Product,153
10851,Cost_of_the_Product,202
7236,Cost_of_the_Product,191
9143,Cost_of_the_Product,223
5083,Cost_of_the_Product,161
9684,Cost_of_the_Product,234
2569,Cost_of_the_Product,141
6331,Cost_of_the_Product,236
3418,Cost_of_the_Product,194
2427,Cost_of_the_Product,267
2760,Cost_of_the_Product,206
5615,Cost_of_the_Product,257
8917,Cost_of_the_Product,246
4954,Cost_of_the_Product,181
8276,Cost_of_the_Product,262
5844,Cost_of_the_Product,134
4574,Cost_of_the_Product,185
4350,Cost_of_the_Product,237
3533,Cost_of_the_Product,218
311,Cost_of_the_Product,193
5193,Cost_of_the_Product,233
2916,Cost_of_the_Product,242
5392,Cost_of_the_Product,222
1179,Cost_of_the_Product,118
14,Cost_of_the_Product,275
1726,Cost_of_the_Product,248
9158,Cost_of_the_Product,287
4403,Cost_of_the_Product,193
1190,Cost_of_the_Product,173
3079,Cost_of_the_Product,135
18,Cost_of_the_Product,227
1609,Cost_of_the_Product,227
4425,Cost_of_the_Product,251
2449,Cost_of_the_Product,136
4187,Cost_of_the_Product,133
5211,Cost_of_the_Product,121
3210,Cost_of_the_Product,173
10383,Cost_of_the_Product,207
2200,Cost_of_the_Product,216
4775,Cost_of_the_Product,250
7421,Cost_of_the_Product,263
10711,Cost_of_the_Product,262
644,Cost_of_the_Product,197
8266,Cost_of_the_Product,258
4089,Cost_of_the_Product,218
6758,Cost_of_the_Product,204
1187,Cost_of_the_Product,135
9061,Cost_of_the_Product,160
543,Cost_of_the_Product,218
506,Cost_of_the_Product,219
3326,Cost_of_the_Product,241
8407,Cost_of_the_Product,238
5492,Cost_of_the_Product,196
2808,Cost_of_the_Product,216
4844,Cost_of_the_Product,284
10480,Cost_of_the_Product,276
698,Cost_of_the_Product,151
6091,Cost_of_the_Product,249
2620,Cost_of_the_Product,151
546,Cost_of_the_Product,168
438,Cost_of_the_Product,186
3128,Cost_of_the_Product,193
1097,Cost_of_the_Product,265
7874,Cost_of_the_Product,202
10224,Cost_of_the_Product,242
9993,Cost_of_the_Product,223
382,Cost_of_the_Product,199
1489,Cost_of_the_Product,164
4614,Cost_of_the_Product,142
9961,Cost_of_the_Product,254
5465,Cost_of_the_Product,283
8310,Cost_of_the_Product,256
10185,Cost_of_the_Product,254
3401,Cost_of_the_Product,197
6962,Cost_of_the_Product,274
4555,Cost_of_the_Product,275
1087,Cost_of_the_Product,176
3407,Cost_of_the_Product,272
5997,Cost_of_the_Product,249
1827,Cost_of_the_Product,188
1976,Cost_of_the_Product,187
5018,Cost_of_the_Product,285
8404,Cost_of_the_Product,250
2850,Cost_of_the_Product,177
9633,Cost_of_the_Product,172
7168,Cost_of_the_Product,255
8696,Cost_of_the_Product,187
2730,Cost_of_the_Product,132
7203,Cost_of_the_Product,246
6289,Cost_of_the_Product,264
10622,Cost_of_the_Product,132
10145,Cost_of_the_Product,233
5087,Cost_of_the_Product,158
9196,Cost_of_the_Product,236
4683,Cost_of_the_Product,163
6783,Cost_of_the_Product,168
8375,Cost_of_the_Product,145
6251,Cost_of_the_Product,273
8464,Cost_of_the_Product,202
2679,Cost_of_the_Product,210
6002,Cost_of_the_Product,270
10749,Cost_of_the_Product,229
3028,Cost_of_the_Product,107
17,Cost_of_the_Product,143
9349,Cost_of_the_Product,255
3711,Cost_of_the_Product,237
1663,Cost_of_the_Product,286
1898,Cost_of_the_Product,226
3450,Cost_of_the_Product,163
3206,Cost_of_the_Product,194
10835,Cost_of_the_Product,114
9144,Cost_of_the_Product,140
3204,Cost_of_the_Product,223
268,Cost_of_the_Product,258
6994,Cost_of_the_Product,256
6635,Cost_of_the_Product,203
6324,Cost_of_the_Product,233
2309,Cost_of_the_Product,268
10963,Cost_of_the_Product,261
10536,Cost_of_the_Product,211
5671,Cost_of_the_Product,200
3278,Cost_of_the_Product,156
9737,Cost_of_the_Product,111
9543,Cost_of_the_Product,242
3486,Cost_of_the_Product,182
6005,Cost_of_the_Product,255
2519,Cost_of_the_Product,175
4140,Cost_of_the_Product,201
9613,Cost_of_the_Product,170
3716,Cost_of_the_Product,165
3050,Cost_of_the_Product,271
10511,Cost_of_the_Product,195
5798,Cost_of_the_Product,183
5394,Cost_of_the_Product,186
8063,Cost_of_the_Product,201
10320,Cost_of_the_Product,169
10287,Cost_of_the_Product,196
9518,Cost_of_the_Product,208
4510,Cost_of_the_Product,154
4825,Cost_of_the_Product,285
10770,Cost_of_the_Product,273
9450,Cost_of_the_Product,221
6809,Cost_of_the_Product,242
10336,Cost_of_the_Product,251
4865,Cost_of_the_Product,215
3240,Cost_of_the_Product,145
190,Cost_of_the_Product,134
5956,Cost_of_the_Product,153
2169,Cost_of_the_Product,164
3768,Cost_of_the_Product,189
722,Cost_of_the_Product,138
886,Cost_of_the_Product,252
3925,Cost_of_the_Product,181
1107,Cost_of_the_Product,213
1444,Cost_of_the_Product,184
3697,Cost_of_the_Product,178
5339,Cost_of_the_Product,254
2359,Cost_of_the_Product,213
9836,Cost_of_the_Product,244
5329,Cost_of_the_Product,201
4218,Cost_of_the_Product,201
649,Cost_of_the_Product,202
6399,Cost_of_the_Product,145
7899,Cost_of_the_Product,273
7536,Cost_of_the_Product,270
10790,Cost_of_the_Product,136
10728,Cost_of_the_Product,219
2008,Cost_of_the_Product,154
6184,Cost_of_the_Product,182
1284,Cost_of_the_Product,267
1472,Cost_of_the_Product,243
5748,Cost_of_the_Product,280
4390,Cost_of_the_Product,201
8343,Cost_of_the_Product,262
3190,Cost_of_the_Product,160
6870,Cost_of_the_Product,273
10751,Cost_of_the_Product,228
5744,Cost_of_the_Product,242
8693,Cost_of_the_Product,229
4575,Cost_of_the_Product,271
7728,Cost_of_the_Product,274
4845,Cost_of_the_Product,263
3683,Cost_of_the_Product,174
7271,Cost_of_the_Product,155
914,Cost_of_the_Product,264
7319,Cost_of_the_Product,158
2022,Cost_of_the_Product,246
9335,Cost_of_the_Product,242
9554,Cost_of_the_Product,189
5924,Cost_of_the_Product,275
2963,Cost_of_the_Product,208
1235,Cost_of_the_Product,280
4280,Cost_of_the_Product,191
4841,Cost_of_the_Product,260
6365,Cost_of_the_Product,221
7653,Cost_of_the_Product,164
3224,Cost_of_the_Product,269
9734,Cost_of_the_Product,251
9205,Cost_of_the_Product,187
8410,Cost_of_the_Product,187
3755,Cost_of_the_Product,111
5656,Cost_of_the_Product,198
9202,Cost_of_the_Product,252
4479,Cost_of_the_Product,197
2565,Cost_of_the_Product,252
2749,Cost_of_the_Product,178
7250,Cost_of_the_Product,208
6592,Cost_of_the_Product,259
9670,Cost_of_the_Product,271
7556,Cost_of_the_Product,235
4334,Cost_of_the_Product,255
8204,Cost_of_the_Product,238
320,Cost_of_the_Product,213
5732,Cost_of_the_Product,191
7317,Cost_of_the_Product,241
2841,Cost_of_the_Product,149
5561,Cost_of_the_Product,249
10284,Cost_of_the_Product,177
49,Cost_of_the_Product,190
4796,Cost_of_the_Product,247
10937,Cost_of_the_Product,257
2526,Cost_of_the_Product,156
6723,Cost_of_the_Product,193
1102,Cost_of_the_Product,159
2536,Cost_of_the_Product,229
9817,Cost_of_the_Product,201
530,Cost_of_the_Product,243
4130,Cost_of_the_Product,192
8663,Cost_of_the_Product,293
4256,Cost_of_the_Product,235
8000,Cost_of_the_Product,183
8005,Cost_of_the_Product,293
9365,Cost_of_the_Product,217
88,Cost_of_the_Product,278
8374,Cost_of_the_Product,168
7111,Cost_of_the_Product,235
7721,Cost_of_the_Product,285
8257,Cost_of_the_Product,252
7311,Cost_of_the_Product,218
10087,Cost_of_the_Product,260
1184,Cost_of_the_Product,193
3996,Cost_of_the_Product,185
528,Cost_of_the_Product,235
10324,Cost_of_the_Product,177
4038,Cost_of_the_Product,243
597,Cost_of_the_Product,230
401,Cost_of_the_Product,134
2583,Cost_of_the_Product,230
8914,Cost_of_the_Product,288
4817,Cost_of_the_Product,244
10022,Cost_of_the_Product,268
2885,Cost_of_the_Product,269
8695,Cost_of_the_Product,220
5859,Cost_of_the_Product,279
6023,Cost_of_the_Product,295
2407,Cost_of_the_Product,115
920,Cost_of_the_Product,160
7048,Cost_of_the_Product,231
8609,Cost_of_the_Product,236
804,Cost_of_the_Product,224
4465,Cost_of_the_Product,258
2625,Cost_of_the_Product,187
10611,Cost_of_the_Product,257
3530,Cost_of_the_Product,197
5046,Cost_of_the_Product,145
9332,Cost_of_the_Product,167
10698,Cost_of_the_Product,157
9499,Cost_of_the_Product,193
5317,Cost_of_the_Product,227
10877,Cost_of_the_Product,141
8441,Cost_of_the_Product,142
10883,Cost_of_the_Product,244
445,Cost_of_the_Product,135
3235,Cost_of_the_Product,169
1346,Cost_of_the_Product,264
52,Cost_of_the_Product,141
3765,Cost_of_the_Product,241
6922,Cost_of_the_Product,252
8150,Cost_of_the_Product,279
10545,Cost_of_the_Product,195
7975,Cost_of_the_Product,137
8929,Cost_of_the_Product,265
3134,Cost_of_the_Product,163
1675,Cost_of_the_Product,267
10705,Cost_of_the_Product,257
1167,Cost_of_the_Product,175
10546,Cost_of_the_Product,202
4534,Cost_of_the_Product,154
7115,Cost_of_the_Product,245
10459,Cost_of_the_Product,255
6017,Cost_of_the_Product,249
7068,Cost_of_the_Product,166
4789,Cost_of_the_Product,195
8806,Cost_of_the_Product,176
7971,Cost_of_the_Product,142
5519,Cost_of_the_Product,227
1242,Cost_of_the_Product,227
808,Cost_of_the_Product,136
9437,Cost_of_the_Product,235
5017,Cost_of_the_Product,198
8515,Cost_of_the_Product,177
6788,Cost_of_the_Product,247
10490,Cost_of_the_Product,169
3102,Cost_of_the_Product,225
7850,Cost_of_the_Product,170
5611,Cost_of_the_Product,159
9841,Cost_of_the_Product,212
7092,Cost_of_the_Product,169
8297,Cost_of_the_Product,215
10732,Cost_of_the_Product,253
5204,Cost_of_the_Product,243
9581,Cost_of_the_Product,239
6762,Cost_of_the_Product,253
8751,Cost_of_the_Product,139
10704,Cost_of_the_Product,259
7780,Cost_of_the_Product,253
6911,Cost_of_the_Product,240
5735,Cost_of_the_Product,275
7668,Cost_of_the_Product,272
1858,Cost_of_the_Product,168
3033,Cost_of_the_Product,141
4533,Cost_of_the_Product,140
80,Cost_of_the_Product,257
6182,Cost_of_the_Product,201
6531,Cost_of_the_Product,251
1555,Cost_of_the_Product,233
3357,Cost_of_the_Product,163
4588,Cost_of_the_Product,145
4893,Cost_of_the_Product,246
7542,Cost_of_the_Product,265
10127,Cost_of_the_Product,286
6639,Cost_of_the_Product,199
272,Cost_of_the_Product,182
2831,Cost_of_the_Product,198
2093,Cost_of_the_Product,178
3457,Cost_of_the_Product,243
3702,Cost_of_the_Product,194
94,Cost_of_the_Product,219
1940,Cost_of_the_Product,215
4278,Cost_of_the_Product,163
6894,Cost_of_the_Product,309
6875,Cost_of_the_Product,305
10027,Cost_of_the_Product,255
10912,Cost_of_the_Product,227
4357,Cost_of_the_Product,144
240,Cost_of_the_Product,158
1148,Cost_of_the_Product,174
5654,Cost_of_the_Product,189
5812,Cost_of_the_Product,285
9275,Cost_of_the_Product,225
5457,Cost_of_the_Product,240
6377,Cost_of_the_Product,188
3727,Cost_of_the_Product,241
4204,Cost_of_the_Product,172
9304,Cost_of_the_Product,269
1315,Cost_of_the_Product,190
6426,Cost_of_the_Product,259
3339,Cost_of_the_Product,255
9956,Cost_of_the_Product,264
4717,Cost_of_the_Product,260
5527,Cost_of_the_Product,252
4050,Cost_of_the_Product,265
9330,Cost_of_the_Product,235
7547,Cost_of_the_Product,171
8419,Cost_of_the_Product,224
5820,Cost_of_the_Product,185
5287,Cost_of_the_Product,218
3628,Cost_of_the_Product,197
9253,Cost_of_the_Product,257
10206,Cost_of_the_Product,234
3709,Cost_of_the_Product,140
9657,Cost_of_the_Product,301
5914,Cost_of_the_Product,284
8152,Cost_of_the_Product,163
4019,Cost_of_the_Product,160
7948,Cost_of_the_Product,254
638,Cost_of_the_Product,229
6731,Cost_of_the_Product,161
8366,Cost_of_the_Product,248
8713,Cost_of_the_Product,133
7351,Cost_of_the_Product,262
4463,Cost_of_the_Product,182
7122,Cost_of_the_Product,98
6102,Cost_of_the_Product,195
6996,Cost_of_the_Product,267
9373,Cost_of_the_Product,271
9258,Cost_of_the_Product,287
9226,Cost_of_the_Product,244
2675,Cost_of_the_Product,183
2952,Cost_of_the_Product,165
924,Cost_of_the_Product,265
153,Cost_of_the_Product,97
5417,Cost_of_the_Product,202
7942,Cost_of_the_Product,225
6441,Cost_of_the_Product,186
10935,Cost_of_the_Product,275
5385,Cost_of_the_Product,248
2136,Cost_of_the_Product,188
3209,Cost_of_the_Product,149
2116,Cost_of_the_Product,162
2559,Cost_of_the_Product,162
6947,Cost_of_the_Product,204
491,Cost_of_the_Product,176
10340,Cost_of_the_Product,265
9971,Cost_of_the_Product,163
2684,Cost_of_the_Product,160
1990,Cost_of_the_Product,155
3369,Cost_of_the_Product,296
1657,Cost_of_the_Product,156
10106,Cost_of_the_Product,265
5162,Cost_of_the_Product,130
5277,Cost_of_the_Product,294
